<?xml version="1.0" encoding="UTF-8"?>
<project-private xmlns="http://www.netbeans.org/ns/project-private/1">
    <editor-bookmarks xmlns="http://www.netbeans.org/ns/editor-bookmarks/2" lastBookmarkId="0"/>
    <open-files xmlns="http://www.netbeans.org/ns/projectui-open-files/2">
        <group>
            <file>file:/C:/Users/MFK/Desktop/stoks/stok_takip_programi/src/stok_takip_programi/unuttum.java</file>
            <file>file:/C:/Users/MFK/Desktop/stoks/stok_takip_programi/src/stok_takip_programi/raporlar.java</file>
            <file>file:/C:/Users/MFK/Desktop/stoks/stok_takip_programi/src/stok_takip_programi/urun_ekle.java</file>
            <file>file:/C:/Users/MFK/Desktop/stoks/stok_takip_programi/src/stok_takip_programi/Stok_takip_programi.java</file>
            <file>file:/C:/Users/MFK/Desktop/stoks/stok_takip_programi/src/stok_takip_programi/satislar.java</file>
            <file>file:/C:/Users/MFK/Desktop/stoks/stok_takip_programi/src/stok_takip_programi/urun.java</file>
            <file>file:/C:/Users/MFK/Desktop/stoks/stok_takip_programi/src/stok_takip_programi/uye_ekle.java</file>
            <file>file:/C:/Users/MFK/Desktop/stoks/stok_takip_programi/src/stok_takip_programi/uye_giris.java</file>
        </group>
    </open-files>
</project-private>
